index,excentricity,area,compacity
0,0.5456820783669022,2676.0,1.1816384860532039
1,0.6806107098801868,1509.5,17.774576243052962
2,0.38334361419361007,15.5,1.2198352524690947
3,0.852420730848072,805.5,30.521745225700865
4,0.990492772619569,179.5,24.50271122315009
